id,name,title,score,subreddit,url,num_comments,selftext,author,num_crossposts,over_18,permalink,pinned,subreddit_type,link_flair_text,author_flair_text,total_awards_received,upvote_ratio,time_created,comment
g1zi21,t3_g1zi21,Coronavirus (COVID-19) Megathread - News and Updates - 4,175,india,https://www.reddit.com/r/india/comments/g1zi21/coronavirus_covid19_megathread_news_and_updates_4/,2970,"###[Covid-19 Fundraisers & Donation Links](https://amnesty.org.in/support-indias-most-vulnerable-fight-covid-19-a-list-of-fundraisers-you-can-donate-to/) via Amnesty International
* [This link covers](https://amnesty.org.in/support-indias-most-vulnerable-fight-covid-19-a-list-of-fundraisers-you-can-donate-to/) Migrant Workers Day-Labourers, Other Vulnerable Groups, Urban Poor, Transgender Community, Waste-pickers and Sanitation Workers, Healthcare Workers and Doctors, Older Persons & Children and Animal Care 

------------------------------------------------------------------------------------------------------

#####Indian Goverment
* [Official Twitter Collection of Indian Govt. Communications](https://twitter.com/i/events/1240662046280048646)
* [State and District Wise Details of Cases in India](https://www.mohfw.gov.in/pdf/DistrictWiseList324.pdf)
* All India Helplines: 1075 (Toll Free) | 1930 (Toll Free) | 1944 (Northeast India Only) | +911123978046 | Email ID: ncov2019@gov.in 
* [State Helpline Numbers](https://www.mohfw.gov.in/pdf/coronvavirushelplinenumber.pdf)
* [Test Centers List](https://covid.icmr.org.in/index.php/testing-facilities)

#####State Specific Threads via Reddit community
* [Andaman &amp; Nicobar, Lakshadweep,  Puducherry, Dadra &amp; Nagar Haveli, Daman &amp; Diu](https://www.reddit.com/r/CoronaIndia/comments/fqmry7/coronavirus_covid19_megathread_news_and_updates/) via u/TheDosaMan
* [Bihar](https://www.reddit.com/r/india/comments/ftky3g/covid19_every_updates_from_bihar/) via u/FilmmakerFarhan
* [Delhi](https://www.reddit.com/r/delhi/comments/g4azdi/covid19_updates_for_delhi_1/)
* [Gujarat](https://www.reddit.com/r/india/comments/fw07cd/covid19_gujarat_updates) via u/helvetikka
* [Karnataka](https://www.reddit.com/r/india/comments/fpv4xk/karnataka_covid19_updates/) via u/TheClassicGallery
* [Kerala](https://www.reddit.com/r/Kerala/comments/fgc8m6/coronavirus_covid19_megathread_news_and_updates/) via u/nithinvnath
* [Madhya Pradesh](https://www.reddit.com/r/india/comments/fpt2jw/mp_covid19_megathread/) via u/maardon_bhenji
* [Maharashtra](https://www.reddit.com/r/india/comments/fq2vqj/covid19_updates_for_maharashtra/) via u/hrishidev
* [Odisha](https://www.reddit.com/r/india/comments/frstw5/covid19all_updates_for_odisha) via u/aviakki1
* [Nagaland](https://www.reddit.com/user/-ImSoDone-/comments/fqpnov/covid19_updates_nagaland/) via u/-ImSoDone-
* [Punjab](https://www.reddit.com/r/india/comments/fsbwuj/punjab_covid_updates_thread/) via u/TheAltChemist
* [Rajasthan](https://www.reddit.com/r/pinkcity/comments/fps590/covid19_updates_for_rajasthan/) via /u/isaacseaman
* [Tamil Nadu](https://www.reddit.com/r/Chennai/comments/fr62oj/covid19_daily_news_updates/) via u/ughalright
* [Telangana](https://www.reddit.com/r/india/comments/fqn8jf/covid19_all_updates_in_telangana/) via u/lifehacker25
* [Uttarakhand](https://www.reddit.com/r/india/comments/fs95z1/covid19_updates_uttarakhand_edition/) via u/leopard_dopy
* [West Bengal](https://www.reddit.com/r/kolkata/comments/fi5hqd/covid19_updates/) via /u/ppatra
* [*More States are being Added*]

#####Coronavirus Trackers, News, Updates

* [Case Numbers via Indian Govt.](https://www.mohfw.gov.in/)
* [Case Numbers and Map via NDTV](https://www.ndtv.com/coronavirus/india-covid-19-outbreak-map)
* [Covid19India.org](https://www.covid19india.org)
* r/Coronavirus
* r/worldnews
* r/COVID19Positive for Covid-19 Patients

#####Useful Guides, Precautions, Helpful Tips, Self Assessment
* [Safety Tips](https://www.who.int/emergencies/diseases/novel-coronavirus-2019/advice-for-public)
* [Coronavirus condition overview](https://www.who.int/health-topics/coronavirus)
* [Coronavirus Q&amp;A](https://www.who.int/news-room/q-a-detail/q-a-coronaviruses)
* [How to Protect Yourself and Prepare for the Coronavirus](https://www.nytimes.com/article/prepare-for-coronavirus.html)
* [Myth Busters via WHO](https://www.who.int/emergencies/diseases/novel-coronavirus-2019/advice-for-public/myth-busters)
* [Self Assessment Tool for Covid19](https://coronavirus.heallify.com/)

#####Coronavirus (Covid-19) Multi-Lingual Shareable Resources Wiki 
* [Wiki Thread](https://www.reddit.com/r/india/comments/fo0xj9/coronavirus_covid19_multilingual_resources_wiki/)

* [Assamese](https://1drv.ms/u/s!AoYOmN7lWek1gn1U2sNswTmrdyym?e=qtG6Hy) | [Bengali](https://1drv.ms/u/s!AoYOmN7lWek1gkqMhFrcLJNn_GXA?e=C4Org5) |
[English](https://1drv.ms/u/s!AoYOmN7lWek1gWSxZMTO6BKKKYGN?e=sgYupr) | [Gujarati](https://1drv.ms/u/s!AoYOmN7lWek1ght7ez9gamQZdNuN?e=doJZmj) | 
[Hindi](https://1drv.ms/u/s!AoYOmN7lWek1gWNzzpIljrP9jQke?e=bu6Eog) | [Kannada](https://1drv.ms/u/s!AoYOmN7lWek1ggJi4cS2y1ZULZol?e=s43xHF) | 
[Konkani](https://1drv.ms/u/s!AoYOmN7lWek1gmRJkbslNMDc-1s1?e=gpDqma) | [Malayalam](https://1drv.ms/u/s!AoYOmN7lWek1gmeU30HlPVT-0Cqo?e=dNhg3u) | 
[Marathi](https://1drv.ms/u/s!AoYOmN7lWek1giu0e8l9SbT27Ac_?e=eeNuHi) | [Marwari](https://1drv.ms/u/s!AoYOmN7lWek1gXxP8R5CPzEt5zhp?e=HWuXnt) | 
[Oriya](https://1drv.ms/u/s!AoYOmN7lWek1gwcrC-WB195OyuXd?e=ozTVA4) | [Punjabi](https://1drv.ms/u/s!AoYOmN7lWek1gjxTSvU761F9Hzou?e=9gjaqg) | 
[Tamil](https://1drv.ms/u/s!AoYOmN7lWek1gglvLHFkHSsMZgTo?e=YhLNRo) | [Telegu](https://1drv.ms/f/s!AoYOmN7lWek1gkEvVG2WLij6Up78) | 
[Urdu](https://1drv.ms/u/s!AoYOmN7lWek1gwwpU8N-i2_x9Z5n?e=8fUHqi)

#####r/India Community
* [COVID-19 India tracker](https://www.covid19india.org/) via u/splitladoo
* [Crowdsourced handbook of India specific data and resources](https://covidindiasupport.com/main) via u/lilhuman0
* [Google Spreadsheet of Statewise infections](https://docs.google.com/spreadsheets/d/1uKqaxMd5gkghBKMmp_fbnLRFLdic_Kv-i_802f77Ih0/edit#gid=0) via /u/lord_blood_raven

#####Precautions for prevention of Corona Virus
^Currently ^there ^is ^no ^vaccine ^available ^to ^protect ^against ^human ^corona ^virus ^but ^we ^can ^reduce ^the ^transmission ^of ^virus ^by ^taking ^following ^precautions:

* Do
 * Wash your hands regularly for 20 seconds, with soap and water or alcohol-based hand rub
 * Cover your nose and mouth with a disposable tissue or flexed elbow when you cough or sneeze
 * Avoid close contact (1 meter or 3 feet) with people who are unwell
 * Stay home and self-isolate from others in the household if you feel unwell
* Don't
 * Touch your eyes, nose, or mouth if your hands are not clean

#####How to Quarantine Yourself via [New York Times](https://www.nytimes.com/2020/03/06/health/self-quarantine-coronavirus.html)
^If ^youâ€™re ^returning ^from ^an ^area ^thatâ€™s ^had ^a ^coronavirus ^outbreak, ^or ^if ^youâ€™ve ^been ^in ^close ^contact ^with ^someone ^who ^tests ^positive, ^you ^may ^be ^asked ^to ^isolate ^yourself ^at ^home ^for ^two ^weeks, ^the ^presumed ^incubation ^period ^for ^the ^coronavirus.

^Itâ€™s ^not ^easy ^to ^lock ^yourself ^away ^from ^your ^family ^and ^friends. ^These ^are ^the ^basics.

1. **ISOLATION**: If you are infected or have been exposed to the coronavirus, you must seclude yourself from your partner, your housemates, your children, your older aunt and even your pets. If you donâ€™t have your own room, one should be designated for your exclusive use. No visitors unless itâ€™s absolutely essential. Donâ€™t take the bus, subway or even a taxi.

2. **MASKS**: If you must be around other people â€” in your home, or in a car, because youâ€™re on your way to see a doctor (and only after youâ€™ve called first) â€” wear a mask. Everyone else should, too.

3. **HYGIENE**: Cover your mouth and nose with a tissue to cough or sneeze, and discard it in a lined trash can. Immediately wash your hands with soap and water for at least 20 seconds. You can use sanitizer, but soap and water are preferred. Wash your hands frequently and avoid touching your eyes, nose and mouth, if you havenâ€™t just washed them.

4. **DISINFECTING**: Donâ€™t share dishes, drinking glasses, eating utensils, towels or bedding. Wash these items after you use them. Use a household cleaner to wipe down countertops, tabletops, doorknobs, bathrooms fixtures, toilets, phones, keyboards, tablets and bedside tables. That also goes for any surfaces that may be contaminated by bodily fluids.

5. **HOUSEHOLD MEMBERS**: When around the patient, wear a face mask, and add gloves if youâ€™re touching anything that might carry the patientâ€™s bodily fluids. Dispose of the mask and gloves immediately. The older members and those with chronic medical conditions should minimize contact with the secluded individual.

----

#####Share your Idle CPU/GPU Power towards find solutions for Covid-19

* Do you have a CPU/GPU sitting at home, not doing anything? If yes, and you are willing to let it work for drug discovery, please check out folding at home. The following text is from /r/pcmasterrace
Join us and donate your unused GPU and CPU computing power to fight against Coronavirus (and several other illnesses, like Cancer, Parkinson's, etc). To download [CLICK HERE](https://foldingathome.org/start-folding/). 

* To learn more about the project, or if you need more instructions on how to run it, check out https://pcmasterrace.org/folding.

----

Older Threads: [Part 1](https://www.reddit.com/r/india/comments/f2kaxr/covid19_megathread_news_and_updates/) | [Part 2](https://www.reddit.com/r/india/comments/fkttm7/coronavirus_covid19_megathread_news_and_updates_ii/) | [Part 3](https://www.reddit.com/r/india/comments/fqqdsg/coronavirus_covid19_megathread_news_and_updates_3/)",IAmMohit,0,False,/r/india/comments/g1zi21/coronavirus_covid19_megathread_news_and_updates_4/,False,public,Coronavirus,Bigotry begets Bigotry,0,0.96,2020-04-16 01:30:15,"  ###[Covid-19 Fundraisers & Donation Links](https://amnesty.org.in/support-indias-most-vulnerable-fight-covid-19-a-list-of-fundraisers-you-can-donate-to/) via Amnesty International
* [This link covers](https://amnesty.org.in/support-indias-most-vulnerable-fight-covid-19-a-list-of-fundraisers-you-can-donate-to/) Migrant Workers Day-Labourers, Other Vulnerable Groups, Urban Poor, Transgender Community, Waste-pickers and Sanitation Workers, Healthcare Workers and Doctors, Older Persons & Children and Animal Care 

------------------------------------------------------------------------------------------------------

**I am looking for volunteers** who are willing to create and update their state level threads for the time of lockdown. Updates will mostly consist of latest news in those states with respect to Coronavirus and ongoing lockdown.

#####Require Volunteers for following States
* Uttar Pradesh | Jammu & Kashmir and Ladakh | Sikkim | Manipur | Mizoram | Assam | Meghalaya | Tripur"
g4d2ix,t3_g4d2ix,"[Monthly Happiness Thread] Randians, please share a good/positive/happy news happening in your life recently ! :)",101,india,https://www.reddit.com/r/india/comments/g4d2ix/monthly_happiness_thread_randians_please_share_a/,121,"<3         
          
Links:                
**2020**              
[Feb MHT] (https://www.reddit.com/r/india/comments/fdse1z/monthly_happiness_thread_randians_please_share_a/)               
[Jan MHT] (https://www.reddit.com/r/india/comments/evlfam/monthly_happiness_thread_randians_please_share_a/)                
           
**2019**                  
[Dec MHT] (https://www.reddit.com/r/india/comments/eho08f/monthly_happiness_thread_randians_please_share_a/)              
[Nov MHT] (https://www.reddit.com/r/india/comments/e8p3kz/monthly_happiness_thread_randians_please_share_a/)       
[Oct MHT] (https://www.reddit.com/r/india/comments/dyz4ah/monthly_happiness_thread_randians_please_share_a/)                      
[Sep MHT] (https://www.reddit.com/r/india/comments/dlfisx/monthly_happiness_thread_randians_please_share_a/)              
[Aug MHT] (https://www.reddit.com/r/india/comments/d5fgyj/monthly_happiness_thread_randians_please_share_a/)               
[Jul MHT] (https://www.reddit.com/r/india/comments/cseg2j/monthly_happiness_thread_randians_please_share_a/)                               
[Jun MHT] (https://www.reddit.com/r/india/comments/cjpghs/monthly_happiness_thread_randians_please_share_a/)                  
[May MHT] (https://www.reddit.com/r/india/comments/c6hlkz/monthly_happiness_thread_randians_please_share_a/)                               
[Apr MHT] (https://www.reddit.com/r/india/comments/blcgok/monthly_happiness_thread_randians_please_share_a/)                              
[Mar MHT] (https://www.reddit.com/r/india/comments/basxnn/monthly_happiness_thread_randians_please_share_a/)                                 
[Feb MHT] (https://www.reddit.com/r/india/comments/avo0os/monthly_happiness_thread_randians_please_share_a/)                                 
[Jan MHT] (https://www.reddit.com/r/india/comments/amzdzk/monthly_happiness_thread_randians_please_share_a/)                   
                     
**2018**                   
[Dec MHT] (https://www.reddit.com/r/india/comments/ac3tbe/monthly_happiness_thread_randians_please_share_a/)                     
[Nov MHT] (https://www.reddit.com/r/india/comments/a1r0oi/monthly_happiness_thread_randians_please_share_a/)            
[Oct MHT] (https://old.reddit.com/r/india/comments/9rjf4r/monthly_happiness_thread_randians_please_share_a/)       
[Sep MHT] (https://old.reddit.com/r/india/comments/9jkcr5/monthly_happiness_thread_randians_please_share_a/)                 
[Aug MHT] (https://old.reddit.com/r/india/comments/9cie55/monthly_happiness_thread_randians_please_share_a/)          
[July MHT] (https://old.reddit.com/r/india/comments/93bvzl/monthly_happiness_thread_randians_please_share_a/)              
[June MHT] (https://old.reddit.com/r/india/comments/8vrg4r/monthly_happiness_thread_randians_please_share_a/)           
[May MHT] (https://old.reddit.com/r/india/comments/8mxbko/monthly_happiness_thread_randians_please_share_a/)           
[Apr MHT] (https://old.reddit.com/r/india/comments/8f9h4q/monthly_happiness_thread_randians_please_share_a/)                      
[Mar MHT] (https://www.reddit.com/r/india/comments/869n5d/monthly_happiness_thread_randians_please_share_a/)                      
[Feb MHT] (https://www.reddit.com/r/india/comments/7yl3ki/monthly_happiness_thread_randians_please_share_a/)                      
[Jan MHT] (https://www.reddit.com/r/india/comments/7qhupu/monthly_happiness_thread_randians_please_share_a/)           
           
**2017**          
[Dec MHT] (https://www.reddit.com/r/india/comments/7ktd72/monthly_happiness_thread_randians_please_share_a/)           
[Nov MHT] (https://www.reddit.com/r/india/comments/7e7p1s/monthly_happiness_thread_randians_please_share_a/)                      
[Oct MHT] (https://www.reddit.com/r/india/comments/78dxd3/monthly_happiness_thread_randians_please_share_a/)            
[Sep MHT] (https://www.reddit.com/r/india/comments/6yleik/monthly_happiness_thread_randians_please_share_a/)        
[Aug MHT] (https://www.reddit.com/r/india/comments/6srdf0/monthly_happiness_thread_randians_please_share_a/)       
[July MHT] (https://www.reddit.com/r/india/comments/6ms208/monthly_happiness_thread_randians_please_share_a/)          
[June MHT] (https://www.reddit.com/r/india/comments/6hdjij/monthly_happiness_thread_randians_please_share_a/)                
[May MHT] (https://www.reddit.com/r/india/comments/6bmv0o/monthly_happiness_thread_randians_please_share_a/)                
[Apr MHT] (https://www.reddit.com/r/india/comments/653o58/monthly_happiness_thread_randians_please_share_a/)          
[Mar MHT] (https://www.reddit.com/r/india/comments/5zai4a/monthly_happiness_thread_randians_please_share_a/)              
[Feb MHT] (https://www.reddit.com/r/india/comments/5ts70f/monthly_happiness_thread_randians_please_share_a/)           
[Jan MHT] (https://www.reddit.com/r/india/comments/5noss4/monthly_happiness_thread_randians_please_share_a/)         
         
**2016**            
[Dec MHT] (https://www.reddit.com/r/india/comments/5ig319/monthly_happiness_thread_randians_please_share_a/)              
[Nov MHT] (https://www.reddit.com/r/india/comments/5deopk/monthly_happiness_thread_randians_please_share_a/)            
[Oct MHT] (https://www.reddit.com/r/india/comments/5792mk/monthly_happiness_thread_randians_please_share_a/)           
[Sep MHT] (https://www.reddit.com/r/india/comments/52uoig/monthly_happiness_thread_randians_please_share_a/)                 
[Aug MHT] (https://www.reddit.com/r/india/comments/4xxpjp/monthly_happiness_thread_randians_please_share_a/)                  
[July MHT] (https://www.reddit.com/r/india/comments/4sfl7j/randians_please_share_a_goodpositivehappy_news/)",cool_boyy,0,False,/r/india/comments/g4d2ix/monthly_happiness_thread_randians_please_share_a/,False,public,Scheduled,,0,0.93,2020-04-20 00:20:40,"  Working from home since past one month. For someone like me who stays 300 kms away from home in an another city for work, staying home for so long is true happiness. Plus I can take care of my parents since I am here. *Zinda hoon yaar, kaafi hai* 1. Spent a lot of time with my cousin bc of lockdown. It's so nice to have a sibling.

2. Spent a lot of time with my family which was nice. Made them watch one movie / day. Current level of fitness : 3 x 10 pushups , 3 x 10 squats , 3 x 10 lunges , 2 x 1 min plank .

Improved a lot in 6 months. smoking also reduced . 

Alexa play Big Dreams by Bakar :) I have been writing a book since 3 years now. Finished it today! 1.30lac word count. Feels good. Finally opened that Chivas Regal and poured out one for me. I switched to a new job with 66% increment! Just figured out how to make carnatic scales with a pitch range of 22 notes per octave There was a positive corona patient in my village and the only one in my district.

Now the patient has ful"
g78e01,t3_g78e01,4-month old COVID-19 positive baby girl dies in Kerala,3,india,https://economictimes.indiatimes.com/news/politics-and-nation/4-month-old-covid-19-positive-baby-girl-dies-in-kerala/articleshow/75343474.cms,1,,dgraphycreations,0,False,/r/india/comments/g78e01/4month_old_covid19_positive_baby_girl_dies_in/,False,public,Coronavirus,,0,1.0,2020-04-24 18:59:30,  RIP
g4mzra,t3_g4mzra,The Lockdown Cleaned the Ganga More Than â€˜Namami Gangeâ€™ Ever Did,809,india,https://science.thewire.in/environment/ganga-river-lockdown-cleaner-namami-gange-sewage-treatment-ecological-flow/,67,,scribbbblr,0,False,/r/india/comments/g4mzra/the_lockdown_cleaned_the_ganga_more_than_namami/,False,public,Politics,Uttar Pradesh,0,0.95,2020-04-20 11:04:59,"  This is temporary though, it's not like people are gonna stop dumping filth and themselves in it once it is allowed again. Prof. G. D. Agarwal, alma mater Alma mater IIT Roorkee, UC Berkeley, died from a fast-unto-death to protest against environmentally destructive projects by the Ganga. 

Asli Kattar Hindu toh ye the. 

A saint died two years ago and nobody gave a flying fuck. Kahan milega itna content, doston?

https://en.wikipedia.org/wiki/G._D._Agrawal#2018 Now Modi mama will take claim for cleaning Ganga!

edit: I meant to say take credit 

edit2: kaka not mama. Thanks u/donturinehere Sometimes i find it funny how people say that the cause of pollution is disposing corpses into the river. The river in a healthy state would be full of aquatic life that would actually eat the flesh of the corpses or at least decompose them properly. 

The main cause of the pollution is the disposal of chemical effluents from industries and tanneries that kill any aquatic life and micro organisms "
g4jmo6,t3_g4jmo6,"Nisha Jindal, with 10k FB fans, turns out to be a man",1200,india,https://timesofindia.indiatimes.com/india/nisha-jindal-with-10k-fb-fans-turns-out-to-be-a-man/articleshow/75240983.cms,173,,KindlySecret8,0,False,/r/india/comments/g4jmo6/nisha_jindal_with_10k_fb_fans_turns_out_to_be_a/,False,public,Politics,,0,0.97,2020-04-20 06:54:52,"  I think it was Gomie from Breaking Bad who said ""The Internet: where men are men, women are men, and little girls are FBI officers"" why's this making the news, people are surprised?   
c'mon man this is just an Angel priya meme with more effort lmao ""has been failing his undergrad engineering exams for 11 years""

His failing the same exams is going to soon reach puberty I think TOI editor ko KLPD mil gaya!

it's funny that police went to find Nisha Jindal (which means night) and found Ravi Pujar (which means Sun) instead! Why is TOI acting surprised?? Everyone knows that there are tens of thousands like him. I really want Facebook to die. I repeat

Pro-tip:

DP of an old person or a beautiful girl - immediately conclude that it is some ugly frustrated IT Cell guy with multiple such accounts.. This is meme material. Angel Priya, Nisha Jindal And the best part is that he has been failing his undergrad engineering for 11 years! Massive simps r/HumansOfHindutva I just went through the co"
g4lxv6,t3_g4lxv6,COVID-19: Violence Breaks Out in a Bengaluru Hotspot; 54 Arrested,376,india,https://www.thequint.com/news/india/coronavirus-covid-19-violence-breaks-out-in-hotspot-in-bengaluru-padarayanapura-people-arrested,48,,OrneryReflection,0,False,/r/india/comments/g4lxv6/covid19_violence_breaks_out_in_a_bengaluru/,False,public,Coronavirus,,0,0.97,2020-04-20 09:39:56,"  Feel sorry for asha and first line medical team. Video of the incident, by the New Indian Express journalist: https://twitter.com/anusharavi10/status/1251922506233102336 /r/CovIdiots What people need to understand is that this virus situation will need some extraordinary steps to be taken. Theyâ€™ll need to prepare themselves physically (extended lockdown periods) as well as mentally (adjusting to the new normal). However, our â€œnewsâ€ channels continuing to spew communal poison by continuing their usual hateful routines will fuel this even further. Government needs to strictly ban communalization of this situation and instead deliver PSAs educating people about how to prepare for next 2-3 months. Beating thaalis wonâ€™t make any tangible difference other than diluting the overall messaging. This needs to be taken more seriously from top to bottom. This cannot be allowed. Police should have the right to put in place people who attack police &/or public property I think it's time to bring i"
g4nf7l,t3_g4nf7l,Indore IAS Turns 2 km Stretch of Saraswati River 100% Sewage Free.,248,india,https://www.thebetterindia.com/224049/ias-hero-indore-saraswati-river-revival-restore-sewage-clean-river-water-environment-india-gop94/amp/?__twitter_impression=true,11,,kingof-potatos,1,False,/r/india/comments/g4nf7l/indore_ias_turns_2_km_stretch_of_saraswati_river/,False,public,Non-Political,,0,0.98,2020-04-20 11:41:18,"  Indore IAS guy sounded familiar. Turns out, it's the same guy who [Cleared 13 Lakh Tons of Garbage from 100 Acres in 6 Months](https://www.thebetterindia.com/169584/ias-hero-indore-garbage-management-recycling/). 

A man of focus, commitment and sheer fucking will. r/upliftingnews We need more news like this. There is no trending on twitter for this Still some good peeps present in top bureaucracy. Saraswati river? Wasn't that an ancient river that disappeared from the face of the earth?"
g4nhgb,t3_g4nhgb,Three Hindu men in Karnataka held for causing coronavirus scare posing as Muslims,207,india,https://www.reddit.com/r/india/comments/g4nhgb/three_hindu_men_in_karnataka_held_for_causing/,14,"https://www.businessinsider.in/india/news/three-youth-in-karnataka-held-for-causing-coronavirus-scare/articleshow/75098764.cms

>The incident occurred on April 8, when the three identified as Mahesh, Abhishek and Srinivas reached Tendekere checkpost in an autorickshaw, KR Pet Tahsildar MShivamurthy told .

>""When they were intercepted, one of them showed the homequarantine seal on his hand and threatened the personnel by claiming that they were Muslims infected with coronavirus and would spread the disease if they were detained, beforefleeing,"" the official said.",silentr3b31,0,False,/r/india/comments/g4nhgb/three_hindu_men_in_karnataka_held_for_causing/,False,public,Politics,,0,0.87,2020-04-20 11:46:24,"  This works on those who identify people through clothes, names etc. Will the media talk about these people?

Who is attacking Hinduism now? It's not like it's the first time. From throwing meat in temples to spitting on police, bjp/rss Dallal everywhere spreading hate. Why is it always Karnataka? I read someone saying it is the UP of the south Outoftheloop - American with Indian parents here.

Mom keeps saying things like muslims are spitting on doctors, provoking violence, and instigating people to play bangra in Gujrat.

What is true and what is not?"
g4irsc,t3_g4irsc,"Everyone, Puffy the Superdog. (ZenFone 6)",605,india,https://i.redd.it/bk0fba8havt41.jpg,40,,bosama_in_laden,1,False,/r/india/comments/g4irsc/everyone_puffy_the_superdog_zenfone_6/,False,public,Photography,,0,0.94,2020-04-20 05:58:37,"  Must be nice having trees around your house. And some free space too. Living like an actual fucking human being. Unlike me who's living in a glorified closet. Fuck. What a cutie!! Give puffy a socially distant hug from me


Edited to include the socially distant I see no god up here







**other than me.** Puffy ki bhalo! Looking at that tail.. Seems Puffy is getting ready to lose some weightðŸ˜‚ðŸ’©ðŸ’© Where did the hoomans go! What is he eating these days? Don't do it Good thing, you'll never fall into alcoholism, there's always a helpline in your sight Looks like hes about to burst into a lion king song! 
Good boy is overlooking his kingdom. Petition to make Puffy the official doggo of r/india till the end of lockdown. who let the dog out? Put a collar on Puffy! r/dogsonroofs Must be wondering where is everyone Guys this is the screenshot of deleted scene of sacred games.
Remember the episode 1st iconic ""bhagwan ko ***"" fark nahi padta"" when that doggie fell of.
Oh yes... Without mask.."
g4ml5v,t3_g4ml5v,I am glad to share that Manipur is now Corona free. Both patients have fully recovered and have tested negative. There are no fresh cases of the virus in the state: Manipur CM N Biren Singh,199,india,https://twitter.com/ANI/status/1252098709187223558?s=09,19,,FourGaze,0,False,/r/india/comments/g4ml5v/i_am_glad_to_share_that_manipur_is_now_corona/,False,public,Coronavirus,,0,0.98,2020-04-20 10:31:04,"  Good. Now patrol the state borders so that the infection doesn't return.

Sucks for their supply chain though. Both? Only 2? 

Did these guys select the Easy Mode? https://i.imgur.com/rJgVEaI.jpg

gotta test more, guys lol Too early to brag imo Press F for those who believe this news. lol we indians get overjoyed at every Å›hity achievement so easily Glad that ANI reprinted first few lines of what is there in the tweet below - so kind of them... The fuck is he smoking? Among those two patients, one had not recently travelled out of state. If anything they should be pissing their pants about how those two got it in the first place, especially with ICMR hell bent on denying community transmission. Not celebrating. Iâ€™m really surprised and thankful that nobody who came in contact with the two positive cases had the virus!

CM Biren is handling the situation extremely well."
g4ngus,t3_g4ngus,"Chemical sprayed into mouth, worker dies",155,india,https://www.telegraphindia.com/india/coronavirus-lockdown-chemical-sprayed-into-mouth-worker-dies/cid/1766385,10,,_Baazigar,0,False,/r/india/comments/g4ngus/chemical_sprayed_into_mouth_worker_dies/,False,public,Coronavirus,:snoo_shrug:,0,0.95,2020-04-20 11:44:57,"  >Hari Shankar Pal, of Mutiyapur village in Rampur district, had registered a case with the police that his younger brother, Kunwar Pal, had gone to Pempur to sanitise the village on the direction of municipal authorities. But some people had forcibly opened his mouth and sprayed the chemical, most often encountered as a solution commonly known as bleach.  
>  
>â€œWhile he was spraying sodium hypochlorite on the streets of Pempur, a few drops of the chemical fell on the shirt of Indrapal Singh, a villager, and four others. They got angry and tied my brotherâ€™s hands and legs with a rope. Then they opened his mouth and sprayed the chemical. Kunwar Pal fainted there,â€ Hari Shankar told reporters after a fresh police complaint submitted on Saturday. At this point... I'm just dead inside. This country is a joke. What is happening in India ðŸ˜¥ :( [deleted]"
g4m1ch,t3_g4m1ch,"Mamata gives Rs 10 lakh insurance cover to journalists, asks them to report positive news",210,india,https://theprint.in/india/mamata-gives-rs-10-lakh-insurance-cover-to-journalists-asks-them-to-cover-positive-news/404062/?amp,22,,DenseSpirit5,0,False,/r/india/comments/g4m1ch/mamata_gives_rs_10_lakh_insurance_cover_to/,False,public,Politics,,0,0.94,2020-04-20 09:47:05,"  Wow government offering bribes, rather than taking them. Such interesting times we live in. > â€œThey do not even have serials to watch as shooting has stopped. They are only seeing Covid-19 all the time. There is nothing beyond it and this affects mental health. I would request everyone to highlight positive things and present Bengal as a model,â€ the CM said.

Its so bad in Bengal, that even NYtimes covered it.

>> Doctors worry as Indiaâ€™s West Bengal struggles

>> West Bengal has done 33.7 tests per million, compared to 156.9 per million nationwide

>> https://www.nytimes.com/reuters/2020/04/14/world/asia/14reuters-health-coronavirus-india-testing.html She be fucking up West Bengal in a whole lotta ways.
And the funny thing is, she is not even being subtle about it. 
Conducting lesser number of tests and blaming the equipment to be faulty, she really is doing a number on the citizens there. Moreover, hiding the cases from the TJ won't be good in the long run either. Didi is effing up"
g4n0hx,t3_g4n0hx,"Is it only the common people who have to abide by the rules, boundaries and whatever......",150,india,https://www.reddit.com/r/india/comments/g4n0hx/is_it_only_the_common_people_who_have_to_abide_by/,42,"First of all, I have utmost respect for the people who put forth the safety of others before their own, and are sincerely standing their grounds to do whatever little or more they can do to be of help for anybody not only in the current situation but anytime.

Now to proceed, I am going to rant about the recent experiences I've had with cops, medical professionals and some common folk.

Starting with cops,
My dad is a cancer patient and has to 2 chemos every month. 
When he is hospitalised one of the family members has to do rounds at the hospital, daily, obviously. 

After the lockdown, at the fuel stations, they stopped giving out fuel to anyone who wasn't a shopkeeper or a pharmacist or the likes (i am not against the initiative but there need to be exceptions) which is why we ran short of fuel in almost all our vehicles that we registered on punepolice.in. Which is why 1 day I had to borrow my cousins bike to visit the hospital and a cop stopped me, and asked for the bar code provided for registration. I showed the bar code and also made it clear that it's not my bike and also showed proofs that my visit was genuine and an emergency, to which the cop hit me with his batton, used language like, ""would it be okay if I took your wife just because mine wasn't home"". Like this is the example he thought of coming up, and for a fact I wasn't strolling but it was important and I did not have a choice but to take somebody else's bike.
These people just need a little power and they fucking cross all limits possible.

Now about the medical institutions, specially POONA HOSPITAL by MANIKCHAND DHARIWAL. 
Last month when my dad was admitted, the ward he was in was filled with bed bugs. Like literally the entire ward, was filled with bed bugs, to such an extent that all patients had to be moved right away and the ward was kept shut for one whole month.
This month after the COVID-19 situation got worse and lockdown was announced, they stopped providing hand sanitizers throughout the hospital, despite of the situation going around, and this is not a shop or just any place but a fucking hospital that charges you app. 1k for a day only for stay.
After the above experience, this week my dad had to be hospitalised again because of the side effects from chemo got worse.
Now, on the second and third day they didn't change his bedsheets. He was left in the same dirty sheets for 3 days, and he is cancer patient, we know how bad their immunity gets once the chemo begins. They didn't provide clean laundry stating that they have run out of sheets, while they have entire wards empty. 
His bed sheets had blood stains and what not for three days as the IV they use needs to be changed daily to avoid infection.
And for this when we tried to voice out, the authorities and the doctors themselves started exchanging harsh words with us, as if it's us who is making the mistake.
And to top this off, they charge the entire bill, not a penny less. We are spending like fucking 7.5k for a day (minimum) , we are trusting these shitheads with the life of our nakama and they have the audacity to treat us like shit.

After the above experiences, I am in a dilemma, like what is it to be someone in power, what fun does one get by behaving like that just because they have the upper hand. Like seriously, is being a plain human that difficult?
These officials may it be a medical or political, do they really have power over us. 
Truth be told, they are whatever they are, because we make them.

TLDR : The world around us either gets better or stoops straight to hell.
Btw I know doctors who are practicing in Australia and stay in constant contact with us to ensure my dad's healthy, yet I am shocked the ones we came across who are getting paid from this are acting this way.",wollowitzz,0,False,/r/india/comments/g4n0hx/is_it_only_the_common_people_who_have_to_abide_by/,False,public,Non-Political,,0,0.95,2020-04-20 11:06:40,"  Meanwhile cops turn a blind eye to everything else,like the recent  wedding which took place courtesy of Kumaraswamy.I guess it  really is true that the rich can bend the rules,while the rules can be used to bend over a common man like me. Really sorry for your dadâ€™s shitty experience. Power really does go to anyoneâ€™s head. Especially the people with minimal amounts of power.

Completely unrelated but you calling your family nakama threw me off. Wasnâ€™t expecting that there. :) Tldr; Duh, yes

Full version : yes definitely. Imagine if you had been in a Mercedes or BMW. No cop would even dare to touch you or your car even. Money and power definitely work everywhere and laws are mostly to protect the wealth of rich and the power of those already in power. Common people are expected to follow the law. Those who question the status quo are branded as radicals and those who follow are rewarded with positions of power. Long story short, you my friend as a middle class Indian don't have any "
g4loyg,t3_g4loyg,Arunachal Pradesh: Men slaughter king cobra for feast after rice gets exhausted amid lockdown,207,india,https://www.timesnownews.com/mirror-now/crime/article/arunachal-pradesh-men-slaughter-king-cobra-for-feast-after-rice-gets-exhausted-amid-lockdown/580200,71,,Shellynoire,0,False,/r/india/comments/g4loyg/arunachal_pradesh_men_slaughter_king_cobra_for/,False,public,Non-Political,,0,0.96,2020-04-20 09:21:51,"  Pretty sure that there were other animals they could've sourced for food before landing on the worlds largest venomous snake that's fuckin vulnerable on the conservation status. Welcome to the launch of COVID-20 Pro by Auranachal Inc. Aaj kuch toofani karte hai > A video surfaced on social media showing three men carrying carcass of the giant venomous reptile on their shoulders

> The men proudly said that they had made elaborate preparations for a feast

> One of the â€˜huntersâ€™ said that they were looking for something to eat when they found the king cobra in the jungle If we all have to hunt our food someday, I'm screwed. Well that sucks. Hope it doesn't start cobravirus. The government cannot protect these people let alone the cobra they are so desperate to eat due to starvation. Kiren rijiju dismissed this news it's been taken down from the original news source now It's not really a *feast* if the poor are running out of staple and having to resort to eating a dangerous animal. Br"
g4nim6,t3_g4nim6,"As Kerala opens roads, restaurants, Centre says state govt violating MHA lockdown rules",108,india,https://www.indiatoday.in/india/story/centre-writes-letter-to-kerala-govt-on-mha-lockdown-guidelines-violation-1668868-2020-04-20,20,,i_Killed_Reddit,0,False,/r/india/comments/g4nim6/as_kerala_opens_roads_restaurants_centre_says/,False,public,Politics,:table_flip:,0,0.95,2020-04-20 11:49:05,"  Yes, when everything else fails, go poke with sticks at one of very few provinces in the world that managed to get things done right.!! Yes, can't force other states to follow the Kerela model because of piss poor healthcare so let's irritate the one state who did everything right even without the centre's help. To  be  fair,  people  did  act  pretty  stupid  this  morning.

 Keralite  here,  was  watching  live  news  in  trustworthy  channels. 

Lots  of  crowding  in  shops. Little  attention  to  social  distancing. The  new  restrictions  like  those  on  barber  shops   and  hotels  make  sense. 

We  had  a  close  shave,  can't  afford  to  get  over  confident  now. Oh, so this is what this about. I saw in news about how state should not have right to control over lockdown. Meanwhile, atleast 9 sectors are opened for work in UP. If there is 1 more person found in Kerala with Covid19, the bhaktjan would jump of Pinrayi for killing innocents !

I guess MHA expected Kerala to "
g4lrhm,t3_g4lrhm,"People stuck with their family during the lockdown, how is your family falling apart?",157,india,https://www.reddit.com/r/india/comments/g4lrhm/people_stuck_with_their_family_during_the/,117,"I don't think we've spend so much time with family, in such a long time and in such a closed space. I has definitely led to many fissures in my  family. Overworked mother who constantly has meltdowns, patriarchal father who could care less etc  


How has your family been dealing with it?",GauGau24,0,False,/r/india/comments/g4lrhm/people_stuck_with_their_family_during_the/,False,public,AskIndia,,0,0.91,2020-04-20 09:27:09,"  yesterday we had a major fight. (me and my wife)

my mom, mom-in-law and father-in-law are all now making fun of us.

me and my wife are being passive aggressive betwe My father loves to cook ... So not that big of aa problem actually ..  but ya Mom is kinda overworked Me and my sister are helping mom with house chores so that she won't be burdened. Also, my father and brother still have to go to office, so they all are getting their space. 

We daily go for walk for an hour or two on roof which give us some fresh air. All in all, having a big house do give you proper space. Mom is cooking

Father is doing jharu pocha

I am watering the garden and utensil..
And cooking some times..

Wife and daughter are in pune (LDR)
All of us are worring about them constantly..

As our business is shut down the disagreement between dad and I are down a notch.

And mom is still worried about my gaming.. Sister is at my place with her daugther as her husband is abroad .
2-3 days back we had a major f"
g4mio9,t3_g4mio9,"COVID-19 numbers in Mumbai likely to fall by next week - New protocol says asymptomatic contacts to be tested only after five days. So, fewer tests means fewer detections, but the curve will not flatten.",132,india,https://mumbaimirror.indiatimes.com/coronavirus/news/covid-19-numbers-in-mumbai-are-likely-to-fall-by-next-week-but-that-may-not-necessarily-be-great-news/articleshow/75191043.cms,12,,proyo7,0,False,/r/india/comments/g4mio9/covid19_numbers_in_mumbai_likely_to_fall_by_next/,False,public,Coronavirus,,0,0.95,2020-04-20 10:25:35,"  >New protocol says asymptomatic contacts to be tested only after five days. So, fewer tests means fewer detections, but the curve will not flatten.

Test has its limitations.


Asymptomatic means low viral load. 

Testing low viral load means more false negatives.

More false negatives means more people will let out under an impression that they are not infected. .

They will end up infecting more people .

ICMR already put a statement out in March regarding the same. 

The suggestion is counterproductive. 

They need to quarantine the suspects and test them after 5 days.   It's inaccurate before that as viral load will be low . This is wrong on so many levels! Most of the young and healthy infected people will not showcase ANY visible symptoms of this virus during first 7-10 days of the incubation period and will still be able to pass it on. Perfectly healthy looking people have turned out to be super spreaders in other countries and now our cities/states are going to make the exact"
g4b8we,t3_g4b8we,"Pregnant woman in Bengaluru walks 5 km in search of hospital, doctor couple save baby",1072,india,https://www.thenewsminute.com/article/pregnant-woman-bengaluru-walks-5-km-search-hospital-doctor-couple-save-baby-122905,60,,DenseSpirit5,0,False,/r/india/comments/g4b8we/pregnant_woman_in_bengaluru_walks_5_km_in_search/,False,public,Coronavirus,,0,0.98,2020-04-19 22:38:42,"  I am having similar issues in Mumbai. 

My father is having jaundice and needs a IV. 

He went to multiple hospitals yesterday, but no one is ready to take him.

Reasons - Doctors arent available. ""They were not expecting the baby because they were given a date in May and we're in search of a doctor because woman was experiencing the pain. Also Dr Ramya said that the couple did not have any money with them either and they did not speak Kannada and they hesitated to speak with most people.

After both the baby and mother were stable, Dr Ramya said that she called for an ambulance which took them to KC General Hospital."" 

Whatever happened with them is pretty sad and tragic and thank god the mother and the baby boy are fine now but don't you think that unawareness/lack of knowledge caused more trouble in this than the lockdown itself? Angels Do Exist. A Pregnant Women in Jamshedpur, Jharkhand was blamed for spreading #Covid19 in a Govt Hospital. She was asked to clean her blood and wa"
